run_idx,success,steps,path_length,time_to_goal,collision,exposure_time
0,1,75,31.593518,18.750000,1,0.750000
1,0,240,104.301598,,1,1.000000
2,0,240,114.731313,,0,0.000000
3,0,240,112.992897,,0,0.000000
4,0,240,114.794787,,0,0.000000
5,0,240,114.922927,,0,0.000000
6,0,240,71.246765,,0,0.000000
7,0,240,93.780189,,0,0.000000
8,0,240,113.005419,,0,0.000000
9,0,240,115.426459,,0,0.000000
10,0,240,115.185269,,0,0.000000
11,0,240,115.145564,,0,0.000000
12,0,240,115.339431,,0,0.000000
13,0,240,114.345288,,0,0.000000
14,0,240,114.053421,,0,0.000000
15,0,240,115.256743,,1,1.500000
16,0,240,115.488687,,0,0.000000
17,0,240,112.462546,,0,5.000000
18,0,240,95.634599,,0,0.000000
19,0,240,115.476260,,0,0.000000

metric,value
success_rate,0.05
collision_rate,0.15
path_length_mean,105.75918395402275
path_length_median,114.53830050570627
path_length_std,20.149023182614766
path_length_min,31.593518074197046
path_length_max,115.48868652308916
time_to_goal_mean,18.75
time_to_goal_median,18.75
time_to_goal_std,0.0
time_to_goal_min,18.75
time_to_goal_max,18.75
exposure_time_mean,0.4125
exposure_time_median,0.0
exposure_time_std,1.1271507219533687
exposure_time_min,0.0
exposure_time_max,5.0
