run_idx,success,steps,path_length,time_to_goal,collision,exposure_time
0,1,76,28.724204,19.000000,0,6.500000
1,1,59,26.591581,14.750000,1,3.250000
2,0,240,52.978543,,1,0.000000
3,0,240,62.493852,,1,10.000000
4,0,240,75.197234,,1,0.000000
5,0,240,64.960506,,1,6.000000
6,0,240,72.121268,,1,8.500000
7,0,240,68.986966,,0,4.500000
8,1,58,26.594909,14.500000,0,3.250000
9,1,79,29.632456,19.750000,0,0.000000
10,0,240,81.190893,,0,0.000000
11,0,240,84.408335,,1,0.000000
12,0,240,69.299103,,1,9.250000
13,0,240,55.952144,,1,2.500000
14,1,58,26.638947,14.500000,0,3.750000
15,1,68,27.921089,17.000000,1,0.500000
16,0,240,67.149933,,1,4.500000
17,0,240,75.632354,,1,4.750000
18,0,240,62.447867,,1,0.500000
19,0,240,65.163117,,1,2.000000

metric,value
success_rate,0.3
collision_rate,0.7
path_length_mean,56.20426503014661
path_length_median,63.72717910811973
path_length_std,20.001055515489607
path_length_min,26.59158148121557
path_length_max,84.40833460512555
time_to_goal_mean,16.583333333333332
time_to_goal_median,15.875
time_to_goal_std,2.163459164291195
time_to_goal_min,14.5
time_to_goal_max,19.75
exposure_time_mean,3.4875
exposure_time_median,3.25
exposure_time_std,3.176549818592493
exposure_time_min,0.0
exposure_time_max,10.0
